{
    "fa-500px": "0xf26e",
    "fa-address-book": "0xf2b9",
    "fa-address-book-o": "0xf2ba",
    "fa-address-card": "0xf2bb",
    "fa-address-card-o": "0xf2bc",
    "fa-adjust": "0xf042",
    "fa-adn": "0xf170",
    "fa-align-center": "0xf037",
    "fa-align-justify": "0xf039",
    "fa-align-left": "0xf036",
    "fa-align-right": "0xf038",
    "fa-amazon": "0xf270",
    "fa-ambulance": "0xf0f9",
    "fa-american-sign-language-interpreting": "0xf2a3",
    "fa-anchor": "0xf13d",
    "fa-android": "0xf17b",
    "fa-angellist": "0xf209",
    "fa-angle-double-down": "0xf103",
    "fa-angle-double-left": "0xf100",
    "fa-angle-double-right": "0xf101",
    "fa-angle-double-up": "0xf102",
    "fa-angle-down": "0xf107",
    "fa-angle-left": "0xf104",
    "fa-angle-right": "0xf105",
    "fa-angle-up": "0xf106",
    "fa-apple": "0xf179",
    "fa-archive": "0xf187",
    "fa-area-chart": "0xf1fe",
    "fa-arrow-circle-down": "0xf0ab",
    "fa-arrow-circle-left": "0xf0a8",
    "fa-arrow-circle-o-down": "0xf01a",
    "fa-arrow-circle-o-left": "0xf190",
    "fa-arrow-circle-o-right": "0xf18e",
    "fa-arrow-circle-o-up": "0xf01b",
    "fa-arrow-circle-right": "0xf0a9",
    "fa-arrow-circle-up": "0xf0aa",
    "fa-arrow-down": "0xf063",
    "fa-arrow-left": "0xf060",
    "fa-arrow-right": "0xf061",
    "fa-arrow-up": "0xf062",
    "fa-arrows": "0xf047",
    "fa-arrows-alt": "0xf0b2",
    "fa-arrows-h": "0xf07e",
    "fa-arrows-v": "0xf07d",
    "fa-asl-interpreting": "0xf2a3",
    "fa-assistive-listening-systems": "0xf2a2",
    "fa-asterisk": "0xf069",
    "fa-at": "0xf1fa",
    "fa-audio-description": "0xf29e",
    "fa-automobile": "0xf1b9",
    "fa-backward": "0xf04a",
    "fa-balance-scale": "0xf24e",
    "fa-ban": "0xf05e",
    "fa-bandcamp": "0xf2d5",
    "fa-bank": "0xf19c",
    "fa-bar-chart": "0xf080",
    "fa-bar-chart-o": "0xf080",
    "fa-barcode": "0xf02a",
    "fa-bars": "0xf0c9",
    "fa-bath": "0xf2cd",
    "fa-bathtub": "0xf2cd",
    "fa-battery": "0xf240",
    "fa-battery-0": "0xf244",
    "fa-battery-1": "0xf243",
    "fa-battery-2": "0xf242",
    "fa-battery-3": "0xf241",
    "fa-battery-4": "0xf240",
    "fa-battery-empty": "0xf244",
    "fa-battery-full": "0xf240",
    "fa-battery-half": "0xf242",
    "fa-battery-quarter": "0xf243",
    "fa-battery-three-quarters": "0xf241",
    "fa-bed": "0xf236",
    "fa-beer": "0xf0fc",
    "fa-behance": "0xf1b4",
    "fa-behance-square": "0xf1b5",
    "fa-bell": "0xf0f3",
    "fa-bell-o": "0xf0a2",
    "fa-bell-slash": "0xf1f6",
    "fa-bell-slash-o": "0xf1f7",
    "fa-bicycle": "0xf206",
    "fa-binoculars": "0xf1e5",
    "fa-birthday-cake": "0xf1fd",
    "fa-bitbucket": "0xf171",
    "fa-bitbucket-square": "0xf172",
    "fa-bitcoin": "0xf15a",
    "fa-black-tie": "0xf27e",
    "fa-blind": "0xf29d",
    "fa-bluetooth": "0xf293",
    "fa-bluetooth-b": "0xf294",
    "fa-bold": "0xf032",
    "fa-bolt": "0xf0e7",
    "fa-bomb": "0xf1e2",
    "fa-book": "0xf02d",
    "fa-bookmark": "0xf02e",
    "fa-bookmark-o": "0xf097",
    "fa-braille": "0xf2a1",
    "fa-briefcase": "0xf0b1",
    "fa-btc": "0xf15a",
    "fa-bug": "0xf188",
    "fa-building": "0xf1ad",
    "fa-building-o": "0xf0f7",
    "fa-bullhorn": "0xf0a1",
    "fa-bullseye": "0xf140",
    "fa-bus": "0xf207",
    "fa-buysellads": "0xf20d",
    "fa-cab": "0xf1ba",
    "fa-calculator": "0xf1ec",
    "fa-calendar": "0xf073",
    "fa-calendar-check-o": "0xf274",
    "fa-calendar-minus-o": "0xf272",
    "fa-calendar-o": "0xf133",
    "fa-calendar-plus-o": "0xf271",
    "fa-calendar-times-o": "0xf273",
    "fa-camera": "0xf030",
    "fa-camera-retro": "0xf083",
    "fa-car": "0xf1b9",
    "fa-caret-down": "0xf0d7",
    "fa-caret-left": "0xf0d9",
    "fa-caret-right": "0xf0da",
    "fa-caret-square-o-down": "0xf150",
    "fa-caret-square-o-left": "0xf191",
    "fa-caret-square-o-right": "0xf152",
    "fa-caret-square-o-up": "0xf151",
    "fa-caret-up": "0xf0d8",
    "fa-cart-arrow-down": "0xf218",
    "fa-cart-plus": "0xf217",
    "fa-cc": "0xf20a",
    "fa-cc-amex": "0xf1f3",
    "fa-cc-diners-club": "0xf24c",
    "fa-cc-discover": "0xf1f2",
    "fa-cc-jcb": "0xf24b",
    "fa-cc-mastercard": "0xf1f1",
    "fa-cc-paypal": "0xf1f4",
    "fa-cc-stripe": "0xf1f5",
    "fa-cc-visa": "0xf1f0",
    "fa-certificate": "0xf0a3",
    "fa-chain": "0xf0c1",
    "fa-chain-broken": "0xf127",
    "fa-check": "0xf00c",
    "fa-check-circle": "0xf058",
    "fa-check-circle-o": "0xf05d",
    "fa-check-square": "0xf14a",
    "fa-check-square-o": "0xf046",
    "fa-chevron-circle-down": "0xf13a",
    "fa-chevron-circle-left": "0xf137",
    "fa-chevron-circle-right": "0xf138",
    "fa-chevron-circle-up": "0xf139",
    "fa-chevron-down": "0xf078",
    "fa-chevron-left": "0xf053",
    "fa-chevron-right": "0xf054",
    "fa-chevron-up": "0xf077",
    "fa-child": "0xf1ae",
    "fa-chrome": "0xf268",
    "fa-circle": "0xf111",
    "fa-circle-o": "0xf10c",
    "fa-circle-o-notch": "0xf1ce",
    "fa-circle-thin": "0xf1db",
    "fa-clipboard": "0xf0ea",
    "fa-clock-o": "0xf017",
    "fa-clone": "0xf24d",
    "fa-close": "0xf00d",
    "fa-cloud": "0xf0c2",
    "fa-cloud-download": "0xf0ed",
    "fa-cloud-upload": "0xf0ee",
    "fa-cny": "0xf157",
    "fa-code": "0xf121",
    "fa-code-fork": "0xf126",
    "fa-codepen": "0xf1cb",
    "fa-codiepie": "0xf284",
    "fa-coffee": "0xf0f4",
    "fa-cog": "0xf013",
    "fa-cogs": "0xf085",
    "fa-columns": "0xf0db",
    "fa-comment": "0xf075",
    "fa-comment-o": "0xf0e5",
    "fa-commenting": "0xf27a",
    "fa-commenting-o": "0xf27b",
    "fa-comments": "0xf086",
    "fa-comments-o": "0xf0e6",
    "fa-compass": "0xf14e",
    "fa-compress": "0xf066",
    "fa-connectdevelop": "0xf20e",
    "fa-contao": "0xf26d",
    "fa-copy": "0xf0c5",
    "fa-copyright": "0xf1f9",
    "fa-creative-commons": "0xf25e",
    "fa-credit-card": "0xf09d",
    "fa-credit-card-alt": "0xf283",
    "fa-crop": "0xf125",
    "fa-crosshairs": "0xf05b",
    "fa-css3": "0xf13c",
    "fa-cube": "0xf1b2",
    "fa-cubes": "0xf1b3",
    "fa-cut": "0xf0c4",
    "fa-cutlery": "0xf0f5",
    "fa-dashboard": "0xf0e4",
    "fa-dashcube": "0xf210",
    "fa-database": "0xf1c0",
    "fa-deaf": "0xf2a4",
    "fa-deafness": "0xf2a4",
    "fa-dedent": "0xf03b",
    "fa-delicious": "0xf1a5",
    "fa-desktop": "0xf108",
    "fa-deviantart": "0xf1bd",
    "fa-diamond": "0xf219",
    "fa-digg": "0xf1a6",
    "fa-dollar": "0xf155",
    "fa-dot-circle-o": "0xf192",
    "fa-download": "0xf019",
    "fa-dribbble": "0xf17d",
    "fa-drivers-license": "0xf2c2",
    "fa-drivers-license-o": "0xf2c3",
    "fa-dropbox": "0xf16b",
    "fa-drupal": "0xf1a9",
    "fa-edge": "0xf282",
    "fa-edit": "0xf044",
    "fa-eercast": "0xf2da",
    "fa-eject": "0xf052",
    "fa-ellipsis-h": "0xf141",
    "fa-ellipsis-v": "0xf142",
    "fa-empire": "0xf1d1",
    "fa-envelope": "0xf0e0",
    "fa-envelope-o": "0xf003",
    "fa-envelope-open": "0xf2b6",
    "fa-envelope-open-o": "0xf2b7",
    "fa-envelope-square": "0xf199",
    "fa-envira": "0xf299",
    "fa-eraser": "0xf12d",
    "fa-etsy": "0xf2d7",
    "fa-eur": "0xf153",
    "fa-euro": "0xf153",
    "fa-exchange": "0xf0ec",
    "fa-exclamation": "0xf12a",
    "fa-exclamation-circle": "0xf06a",
    "fa-exclamation-triangle": "0xf071",
    "fa-expand": "0xf065",
    "fa-expeditedssl": "0xf23e",
    "fa-external-link": "0xf08e",
    "fa-external-link-square": "0xf14c",
    "fa-eye": "0xf06e",
    "fa-eye-slash": "0xf070",
    "fa-eyedropper": "0xf1fb",
    "fa-fa": "0xf2b4",
    "fa-facebook": "0xf09a",
    "fa-facebook-f": "0xf09a",
    "fa-facebook-official": "0xf230",
    "fa-facebook-square": "0xf082",
    "fa-fast-backward": "0xf049",
    "fa-fast-forward": "0xf050",
    "fa-fax": "0xf1ac",
    "fa-feed": "0xf09e",
    "fa-female": "0xf182",
    "fa-fighter-jet": "0xf0fb",
    "fa-file": "0xf15b",
    "fa-file-archive-o": "0xf1c6",
    "fa-file-audio-o": "0xf1c7",
    "fa-file-code-o": "0xf1c9",
    "fa-file-excel-o": "0xf1c3",
    "fa-file-image-o": "0xf1c5",
    "fa-file-movie-o": "0xf1c8",
    "fa-file-o": "0xf016",
    "fa-file-pdf-o": "0xf1c1",
    "fa-file-photo-o": "0xf1c5",
    "fa-file-picture-o": "0xf1c5",
    "fa-file-powerpoint-o": "0xf1c4",
    "fa-file-sound-o": "0xf1c7",
    "fa-file-text": "0xf15c",
    "fa-file-text-o": "0xf0f6",
    "fa-file-video-o": "0xf1c8",
    "fa-file-word-o": "0xf1c2",
    "fa-file-zip-o": "0xf1c6",
    "fa-files-o": "0xf0c5",
    "fa-film": "0xf008",
    "fa-filter": "0xf0b0",
    "fa-fire": "0xf06d",
    "fa-fire-extinguisher": "0xf134",
    "fa-firefox": "0xf269",
    "fa-first-order": "0xf2b0",
    "fa-flag": "0xf024",
    "fa-flag-checkered": "0xf11e",
    "fa-flag-o": "0xf11d",
    "fa-flash": "0xf0e7",
    "fa-flask": "0xf0c3",
    "fa-flickr": "0xf16e",
    "fa-floppy-o": "0xf0c7",
    "fa-folder": "0xf07b",
    "fa-folder-o": "0xf114",
    "fa-folder-open": "0xf07c",
    "fa-folder-open-o": "0xf115",
    "fa-font": "0xf031",
    "fa-font-awesome": "0xf2b4",
    "fa-fonticons": "0xf280",
    "fa-fort-awesome": "0xf286",
    "fa-forumbee": "0xf211",
    "fa-forward": "0xf04e",
    "fa-foursquare": "0xf180",
    "fa-free-code-camp": "0xf2c5",
    "fa-frown-o": "0xf119",
    "fa-futbol-o": "0xf1e3",
    "fa-gamepad": "0xf11b",
    "fa-gavel": "0xf0e3",
    "fa-gbp": "0xf154",
    "fa-ge": "0xf1d1",
    "fa-gear": "0xf013",
    "fa-gears": "0xf085",
    "fa-genderless": "0xf22d",
    "fa-get-pocket": "0xf265",
    "fa-gg": "0xf260",
    "fa-gg-circle": "0xf261",
    "fa-gift": "0xf06b",
    "fa-git": "0xf1d3",
    "fa-git-square": "0xf1d2",
    "fa-github": "0xf09b",
    "fa-github-alt": "0xf113",
    "fa-github-square": "0xf092",
    "fa-gitlab": "0xf296",
    "fa-gittip": "0xf184",
    "fa-glass": "0xf000",
    "fa-glide": "0xf2a5",
    "fa-glide-g": "0xf2a6",
    "fa-globe": "0xf0ac",
    "fa-google": "0xf1a0",
    "fa-google-plus": "0xf0d5",
    "fa-google-plus-circle": "0xf2b3",
    "fa-google-plus-official": "0xf2b3",
    "fa-google-plus-square": "0xf0d4",
    "fa-google-wallet": "0xf1ee",
    "fa-graduation-cap": "0xf19d",
    "fa-gratipay": "0xf184",
    "fa-grav": "0xf2d6",
    "fa-group": "0xf0c0",
    "fa-h-square": "0xf0fd",
    "fa-hacker-news": "0xf1d4",
    "fa-hand-grab-o": "0xf255",
    "fa-hand-lizard-o": "0xf258",
    "fa-hand-o-down": "0xf0a7",
    "fa-hand-o-left": "0xf0a5",
    "fa-hand-o-right": "0xf0a4",
    "fa-hand-o-up": "0xf0a6",
    "fa-hand-paper-o": "0xf256",
    "fa-hand-peace-o": "0xf25b",
    "fa-hand-pointer-o": "0xf25a",
    "fa-hand-rock-o": "0xf255",
    "fa-hand-scissors-o": "0xf257",
    "fa-hand-spock-o": "0xf259",
    "fa-hand-stop-o": "0xf256",
    "fa-handshake-o": "0xf2b5",
    "fa-hard-of-hearing": "0xf2a4",
    "fa-hashtag": "0xf292",
    "fa-hdd-o": "0xf0a0",
    "fa-header": "0xf1dc",
    "fa-headphones": "0xf025",
    "fa-heart": "0xf004",
    "fa-heart-o": "0xf08a",
    "fa-heartbeat": "0xf21e",
    "fa-history": "0xf1da",
    "fa-home": "0xf015",
    "fa-hospital-o": "0xf0f8",
    "fa-hotel": "0xf236",
    "fa-hourglass": "0xf254",
    "fa-hourglass-1": "0xf251",
    "fa-hourglass-2": "0xf252",
    "fa-hourglass-3": "0xf253",
    "fa-hourglass-end": "0xf253",
    "fa-hourglass-half": "0xf252",
    "fa-hourglass-o": "0xf250",
    "fa-hourglass-start": "0xf251",
    "fa-houzz": "0xf27c",
    "fa-html5": "0xf13b",
    "fa-i-cursor": "0xf246",
    "fa-id-badge": "0xf2c1",
    "fa-id-card": "0xf2c2",
    "fa-id-card-o": "0xf2c3",
    "fa-ils": "0xf20b",
    "fa-image": "0xf03e",
    "fa-imdb": "0xf2d8",
    "fa-inbox": "0xf01c",
    "fa-indent": "0xf03c",
    "fa-industry": "0xf275",
    "fa-info": "0xf129",
    "fa-info-circle": "0xf05a",
    "fa-inr": "0xf156",
    "fa-instagram": "0xf16d",
    "fa-institution": "0xf19c",
    "fa-internet-explorer": "0xf26b",
    "fa-intersex": "0xf224",
    "fa-ioxhost": "0xf208",
    "fa-italic": "0xf033",
    "fa-joomla": "0xf1aa",
    "fa-jpy": "0xf157",
    "fa-jsfiddle": "0xf1cc",
    "fa-key": "0xf084",
    "fa-keyboard-o": "0xf11c",
    "fa-krw": "0xf159",
    "fa-language": "0xf1ab",
    "fa-laptop": "0xf109",
    "fa-lastfm": "0xf202",
    "fa-lastfm-square": "0xf203",
    "fa-leaf": "0xf06c",
    "fa-leanpub": "0xf212",
    "fa-legal": "0xf0e3",
    "fa-lemon-o": "0xf094",
    "fa-level-down": "0xf149",
    "fa-level-up": "0xf148",
    "fa-life-bouy": "0xf1cd",
    "fa-life-buoy": "0xf1cd",
    "fa-life-ring": "0xf1cd",
    "fa-life-saver": "0xf1cd",
    "fa-lightbulb-o": "0xf0eb",
    "fa-line-chart": "0xf201",
    "fa-link": "0xf0c1",
    "fa-linkedin": "0xf0e1",
    "fa-linkedin-square": "0xf08c",
    "fa-linode": "0xf2b8",
    "fa-linux": "0xf17c",
    "fa-list": "0xf03a",
    "fa-list-alt": "0xf022",
    "fa-list-ol": "0xf0cb",
    "fa-list-ul": "0xf0ca",
    "fa-location-arrow": "0xf124",
    "fa-lock": "0xf023",
    "fa-long-arrow-down": "0xf175",
    "fa-long-arrow-left": "0xf177",
    "fa-long-arrow-right": "0xf178",
    "fa-long-arrow-up": "0xf176",
    "fa-low-vision": "0xf2a8",
    "fa-magic": "0xf0d0",
    "fa-magnet": "0xf076",
    "fa-mail-forward": "0xf064",
    "fa-mail-reply": "0xf112",
    "fa-mail-reply-all": "0xf122",
    "fa-male": "0xf183",
    "fa-map": "0xf279",
    "fa-map-marker": "0xf041",
    "fa-map-o": "0xf278",
    "fa-map-pin": "0xf276",
    "fa-map-signs": "0xf277",
    "fa-mars": "0xf222",
    "fa-mars-double": "0xf227",
    "fa-mars-stroke": "0xf229",
    "fa-mars-stroke-h": "0xf22b",
    "fa-mars-stroke-v": "0xf22a",
    "fa-maxcdn": "0xf136",
    "fa-meanpath": "0xf20c",
    "fa-medium": "0xf23a",
    "fa-medkit": "0xf0fa",
    "fa-meetup": "0xf2e0",
    "fa-meh-o": "0xf11a",
    "fa-mercury": "0xf223",
    "fa-microchip": "0xf2db",
    "fa-microphone": "0xf130",
    "fa-microphone-slash": "0xf131",
    "fa-minus": "0xf068",
    "fa-minus-circle": "0xf056",
    "fa-minus-square": "0xf146",
    "fa-minus-square-o": "0xf147",
    "fa-mixcloud": "0xf289",
    "fa-mobile": "0xf10b",
    "fa-mobile-phone": "0xf10b",
    "fa-modx": "0xf285",
    "fa-money": "0xf0d6",
    "fa-moon-o": "0xf186",
    "fa-mortar-board": "0xf19d",
    "fa-motorcycle": "0xf21c",
    "fa-mouse-pointer": "0xf245",
    "fa-music": "0xf001",
    "fa-navicon": "0xf0c9",
    "fa-neuter": "0xf22c",
    "fa-newspaper-o": "0xf1ea",
    "fa-object-group": "0xf247",
    "fa-object-ungroup": "0xf248",
    "fa-odnoklassniki": "0xf263",
    "fa-odnoklassniki-square": "0xf264",
    "fa-opencart": "0xf23d",
    "fa-openid": "0xf19b",
    "fa-opera": "0xf26a",
    "fa-optin-monster": "0xf23c",
    "fa-outdent": "0xf03b",
    "fa-pagelines": "0xf18c",
    "fa-paint-brush": "0xf1fc",
    "fa-paper-plane": "0xf1d8",
    "fa-paper-plane-o": "0xf1d9",
    "fa-paperclip": "0xf0c6",
    "fa-paragraph": "0xf1dd",
    "fa-paste": "0xf0ea",
    "fa-pause": "0xf04c",
    "fa-pause-circle": "0xf28b",
    "fa-pause-circle-o": "0xf28c",
    "fa-paw": "0xf1b0",
    "fa-paypal": "0xf1ed",
    "fa-pencil": "0xf040",
    "fa-pencil-square": "0xf14b",
    "fa-pencil-square-o": "0xf044",
    "fa-percent": "0xf295",
    "fa-phone": "0xf095",
    "fa-phone-square": "0xf098",
    "fa-photo": "0xf03e",
    "fa-picture-o": "0xf03e",
    "fa-pie-chart": "0xf200",
    "fa-pied-piper": "0xf2ae",
    "fa-pied-piper-alt": "0xf1a8",
    "fa-pied-piper-pp": "0xf1a7",
    "fa-pinterest": "0xf0d2",
    "fa-pinterest-p": "0xf231",
    "fa-pinterest-square": "0xf0d3",
    "fa-plane": "0xf072",
    "fa-play": "0xf04b",
    "fa-play-circle": "0xf144",
    "fa-play-circle-o": "0xf01d",
    "fa-plug": "0xf1e6",
    "fa-plus": "0xf067",
    "fa-plus-circle": "0xf055",
    "fa-plus-square": "0xf0fe",
    "fa-plus-square-o": "0xf196",
    "fa-podcast": "0xf2ce",
    "fa-power-off": "0xf011",
    "fa-print": "0xf02f",
    "fa-product-hunt": "0xf288",
    "fa-puzzle-piece": "0xf12e",
    "fa-qq": "0xf1d6",
    "fa-qrcode": "0xf029",
    "fa-question": "0xf128",
    "fa-question-circle": "0xf059",
    "fa-question-circle-o": "0xf29c",
    "fa-quora": "0xf2c4",
    "fa-quote-left": "0xf10d",
    "fa-quote-right": "0xf10e",
    "fa-ra": "0xf1d0",
    "fa-random": "0xf074",
    "fa-ravelry": "0xf2d9",
    "fa-rebel": "0xf1d0",
    "fa-recycle": "0xf1b8",
    "fa-reddit": "0xf1a1",
    "fa-reddit-alien": "0xf281",
    "fa-reddit-square": "0xf1a2",
    "fa-refresh": "0xf021",
    "fa-registered": "0xf25d",
    "fa-remove": "0xf00d",
    "fa-renren": "0xf18b",
    "fa-reorder": "0xf0c9",
    "fa-repeat": "0xf01e",
    "fa-reply": "0xf112",
    "fa-reply-all": "0xf122",
    "fa-resistance": "0xf1d0",
    "fa-retweet": "0xf079",
    "fa-rmb": "0xf157",
    "fa-road": "0xf018",
    "fa-rocket": "0xf135",
    "fa-rotate-left": "0xf0e2",
    "fa-rotate-right": "0xf01e",
    "fa-rouble": "0xf158",
    "fa-rss": "0xf09e",
    "fa-rss-square": "0xf143",
    "fa-rub": "0xf158",
    "fa-ruble": "0xf158",
    "fa-rupee": "0xf156",
    "fa-s15": "0xf2cd",
    "fa-safari": "0xf267",
    "fa-save": "0xf0c7",
    "fa-scissors": "0xf0c4",
    "fa-scribd": "0xf28a",
    "fa-search": "0xf002",
    "fa-search-minus": "0xf010",
    "fa-search-plus": "0xf00e",
    "fa-sellsy": "0xf213",
    "fa-send": "0xf1d8",
    "fa-send-o": "0xf1d9",
    "fa-server": "0xf233",
    "fa-share": "0xf064",
    "fa-share-alt": "0xf1e0",
    "fa-share-alt-square": "0xf1e1",
    "fa-share-square": "0xf14d",
    "fa-share-square-o": "0xf045",
    "fa-shekel": "0xf20b",
    "fa-sheqel": "0xf20b",
    "fa-shield": "0xf132",
    "fa-ship": "0xf21a",
    "fa-shirtsinbulk": "0xf214",
    "fa-shopping-bag": "0xf290",
    "fa-shopping-basket": "0xf291",
    "fa-shopping-cart": "0xf07a",
    "fa-shower": "0xf2cc",
    "fa-sign-in": "0xf090",
    "fa-sign-language": "0xf2a7",
    "fa-sign-out": "0xf08b",
    "fa-signal": "0xf012",
    "fa-signing": "0xf2a7",
    "fa-simplybuilt": "0xf215",
    "fa-sitemap": "0xf0e8",
    "fa-skyatlas": "0xf216",
    "fa-skype": "0xf17e",
    "fa-slack": "0xf198",
    "fa-sliders": "0xf1de",
    "fa-slideshare": "0xf1e7",
    "fa-smile-o": "0xf118",
    "fa-snapchat": "0xf2ab",
    "fa-snapchat-ghost": "0xf2ac",
    "fa-snapchat-square": "0xf2ad",
    "fa-snowflake-o": "0xf2dc",
    "fa-soccer-ball-o": "0xf1e3",
    "fa-sort": "0xf0dc",
    "fa-sort-alpha-asc": "0xf15d",
    "fa-sort-alpha-desc": "0xf15e",
    "fa-sort-amount-asc": "0xf160",
    "fa-sort-amount-desc": "0xf161",
    "fa-sort-asc": "0xf0de",
    "fa-sort-desc": "0xf0dd",
    "fa-sort-down": "0xf0dd",
    "fa-sort-numeric-asc": "0xf162",
    "fa-sort-numeric-desc": "0xf163",
    "fa-sort-up": "0xf0de",
    "fa-soundcloud": "0xf1be",
    "fa-space-shuttle": "0xf197",
    "fa-spinner": "0xf110",
    "fa-spoon": "0xf1b1",
    "fa-spotify": "0xf1bc",
    "fa-square": "0xf0c8",
    "fa-square-o": "0xf096",
    "fa-stack-exchange": "0xf18d",
    "fa-stack-overflow": "0xf16c",
    "fa-star": "0xf005",
    "fa-star-half": "0xf089",
    "fa-star-half-empty": "0xf123",
    "fa-star-half-full": "0xf123",
    "fa-star-half-o": "0xf123",
    "fa-star-o": "0xf006",
    "fa-steam": "0xf1b6",
    "fa-steam-square": "0xf1b7",
    "fa-step-backward": "0xf048",
    "fa-step-forward": "0xf051",
    "fa-stethoscope": "0xf0f1",
    "fa-sticky-note": "0xf249",
    "fa-sticky-note-o": "0xf24a",
    "fa-stop": "0xf04d",
    "fa-stop-circle": "0xf28d",
    "fa-stop-circle-o": "0xf28e",
    "fa-street-view": "0xf21d",
    "fa-strikethrough": "0xf0cc",
    "fa-stumbleupon": "0xf1a4",
    "fa-stumbleupon-circle": "0xf1a3",
    "fa-subscript": "0xf12c",
    "fa-subway": "0xf239",
    "fa-suitcase": "0xf0f2",
    "fa-sun-o": "0xf185",
    "fa-superpowers": "0xf2dd",
    "fa-superscript": "0xf12b",
    "fa-support": "0xf1cd",
    "fa-table": "0xf0ce",
    "fa-tablet": "0xf10a",
    "fa-tachometer": "0xf0e4",
    "fa-tag": "0xf02b",
    "fa-tags": "0xf02c",
    "fa-tasks": "0xf0ae",
    "fa-taxi": "0xf1ba",
    "fa-telegram": "0xf2c6",
    "fa-television": "0xf26c",
    "fa-tencent-weibo": "0xf1d5",
    "fa-terminal": "0xf120",
    "fa-text-height": "0xf034",
    "fa-text-width": "0xf035",
    "fa-th": "0xf00a",
    "fa-th-large": "0xf009",
    "fa-th-list": "0xf00b",
    "fa-themeisle": "0xf2b2",
    "fa-thermometer": "0xf2c7",
    "fa-thermometer-0": "0xf2cb",
    "fa-thermometer-1": "0xf2ca",
    "fa-thermometer-2": "0xf2c9",
    "fa-thermometer-3": "0xf2c8",
    "fa-thermometer-4": "0xf2c7",
    "fa-thermometer-empty": "0xf2cb",
    "fa-thermometer-full": "0xf2c7",
    "fa-thermometer-half": "0xf2c9",
    "fa-thermometer-quarter": "0xf2ca",
    "fa-thermometer-three-quarters": "0xf2c8",
    "fa-thumb-tack": "0xf08d",
    "fa-thumbs-down": "0xf165",
    "fa-thumbs-o-down": "0xf088",
    "fa-thumbs-o-up": "0xf087",
    "fa-thumbs-up": "0xf164",
    "fa-ticket": "0xf145",
    "fa-times": "0xf00d",
    "fa-times-circle": "0xf057",
    "fa-times-circle-o": "0xf05c",
    "fa-times-rectangle": "0xf2d3",
    "fa-times-rectangle-o": "0xf2d4",
    "fa-tint": "0xf043",
    "fa-toggle-down": "0xf150",
    "fa-toggle-left": "0xf191",
    "fa-toggle-off": "0xf204",
    "fa-toggle-on": "0xf205",
    "fa-toggle-right": "0xf152",
    "fa-toggle-up": "0xf151",
    "fa-trademark": "0xf25c",
    "fa-train": "0xf238",
    "fa-transgender": "0xf224",
    "fa-transgender-alt": "0xf225",
    "fa-trash": "0xf1f8",
    "fa-trash-o": "0xf014",
    "fa-tree": "0xf1bb",
    "fa-trello": "0xf181",
    "fa-tripadvisor": "0xf262",
    "fa-trophy": "0xf091",
    "fa-truck": "0xf0d1",
    "fa-try": "0xf195",
    "fa-tty": "0xf1e4",
    "fa-tumblr": "0xf173",
    "fa-tumblr-square": "0xf174",
    "fa-turkish-lira": "0xf195",
    "fa-tv": "0xf26c",
    "fa-twitch": "0xf1e8",
    "fa-twitter": "0xf099",
    "fa-twitter-square": "0xf081",
    "fa-umbrella": "0xf0e9",
    "fa-underline": "0xf0cd",
    "fa-undo": "0xf0e2",
    "fa-universal-access": "0xf29a",
    "fa-university": "0xf19c",
    "fa-unlink": "0xf127",
    "fa-unlock": "0xf09c",
    "fa-unlock-alt": "0xf13e",
    "fa-unsorted": "0xf0dc",
    "fa-upload": "0xf093",
    "fa-usb": "0xf287",
    "fa-usd": "0xf155",
    "fa-user": "0xf007",
    "fa-user-circle": "0xf2bd",
    "fa-user-circle-o": "0xf2be",
    "fa-user-md": "0xf0f0",
    "fa-user-o": "0xf2c0",
    "fa-user-plus": "0xf234",
    "fa-user-secret": "0xf21b",
    "fa-user-times": "0xf235",
    "fa-users": "0xf0c0",
    "fa-vcard": "0xf2bb",
    "fa-vcard-o": "0xf2bc",
    "fa-venus": "0xf221",
    "fa-venus-double": "0xf226",
    "fa-venus-mars": "0xf228",
    "fa-viacoin": "0xf237",
    "fa-viadeo": "0xf2a9",
    "fa-viadeo-square": "0xf2aa",
    "fa-video-camera": "0xf03d",
    "fa-vimeo": "0xf27d",
    "fa-vimeo-square": "0xf194",
    "fa-vine": "0xf1ca",
    "fa-vk": "0xf189",
    "fa-volume-control-phone": "0xf2a0",
    "fa-volume-down": "0xf027",
    "fa-volume-off": "0xf026",
    "fa-volume-up": "0xf028",
    "fa-warning": "0xf071",
    "fa-wechat": "0xf1d7",
    "fa-weibo": "0xf18a",
    "fa-weixin": "0xf1d7",
    "fa-whatsapp": "0xf232",
    "fa-wheelchair": "0xf193",
    "fa-wheelchair-alt": "0xf29b",
    "fa-wifi": "0xf1eb",
    "fa-wikipedia-w": "0xf266",
    "fa-window-close": "0xf2d3",
    "fa-window-close-o": "0xf2d4",
    "fa-window-maximize": "0xf2d0",
    "fa-window-minimize": "0xf2d1",
    "fa-window-restore": "0xf2d2",
    "fa-windows": "0xf17a",
    "fa-won": "0xf159",
    "fa-wordpress": "0xf19a",
    "fa-wpbeginner": "0xf297",
    "fa-wpexplorer": "0xf2de",
    "fa-wpforms": "0xf298",
    "fa-wrench": "0xf0ad",
    "fa-xing": "0xf168",
    "fa-xing-square": "0xf169",
    "fa-y-combinator": "0xf23b",
    "fa-y-combinator-square": "0xf1d4",
    "fa-yahoo": "0xf19e",
    "fa-yc": "0xf23b",
    "fa-yc-square": "0xf1d4",
    "fa-yelp": "0xf1e9",
    "fa-yen": "0xf157",
    "fa-yoast": "0xf2b1",
    "fa-youtube": "0xf167",
    "fa-youtube-play": "0xf16a",
    "fa-youtube-square": "0xf166"
}
